<?xml version="1.0" encoding="UTF-8"?>
<project-private xmlns="http://www.netbeans.org/ns/project-private/1">
    <editor-bookmarks xmlns="http://www.netbeans.org/ns/editor-bookmarks/2" lastBookmarkId="0"/>
    <open-files xmlns="http://www.netbeans.org/ns/projectui-open-files/2">
        <group>
            <file>file:/C:/Users/xdavi/github/Prototipo-Requerimientos/Prototipo/src/Logic/merge.java</file>
            <file>file:/C:/Users/xdavi/github/Prototipo-Requerimientos/Prototipo/src/Interfaz/Login.java</file>
            <file>file:/C:/Users/xdavi/github/Prototipo-Requerimientos/Prototipo/src/Interfaz/LoginSetPassword.java</file>
            <file>file:/C:/Users/xdavi/github/Prototipo-Requerimientos/Prototipo/src/Interfaz/LoginPassword.java</file>
            <file>file:/C:/Users/xdavi/github/Prototipo-Requerimientos/Prototipo/src/Interfaz/LoginEmail.java</file>
            <file>file:/C:/Users/xdavi/github/Prototipo-Requerimientos/Prototipo/src/Interfaz/LoginCreateAccount.java</file>
            <file>file:/C:/Users/xdavi/github/Prototipo-Requerimientos/Prototipo/src/BD/funcionesUsuarios.java</file>
        </group>
    </open-files>
</project-private>
